标题,rate,链接,提取码
西游记女儿国,4.4,https://pan.baidu.com/s/1WrcBG_pgMAod9vT1-xLZKw,to5w
乜代宗师,4.6,https://pan.baidu.com/s/15gevmx2amZ9Mf2OlD4V9MA,lpht	
李茶的姑妈,4.7,https://pan.baidu.com/s/1SjInm1gAx7kGEJLWytLGNg,ygx2
变形金刚5：最后的骑士,4.9,https://pan.baidu.com/s/1dH4HlsaSbapGpM4cyPBVsw,2333
倩女幽魂：人间情,4.9,https://pan.baidu.com/s/1ARFIqohgEuV_fUDbh6OlAw,ej1z
分手大师,5.0,https://pan.baidu.com/s/1rPkFiCDPLXSh_US4ZhBX1Q,6sam
小小的愿望,5.1,https://pan.baidu.com/s/1HRrhTTeKZ0IRcawUR2gAGw,macd
沉默的证人,5.3,https://pan.baidu.com/s/1Z69LyixUXn1NorsZwwaiuQ,2333
道士下山,5.4,https://pan.baidu.com/s/1orhn6MJBxM_fZm4yZNf5Hw,2333
最好的我们,5.4,https://pan.baidu.com/s/178JtKFVWIslhyCeEy5Dumg,2333
环太平洋：雷霆再起,5.5,https://pan.baidu.com/s/1oV0iFayYAtkgxKAb8S9KGQ,146f
西游伏妖篇,5.5,https://pan.baidu.com/s/1Nespsy09aRq9f8NAEYefxA,2333
澳门风云2,5.5,https://pan.baidu.com/s/1miYEDz2Aq7qjG5SVuoWSNg,8s9f
黑衣人：全球追缉,5.6,https://pan.baidu.com/s/1jY_pYvDqjLfjA40cY0mqgA,2333
左耳,5.6,https://pan.baidu.com/s/1bp3kD0ISC7sDqr8JG9OZTA,2333
澳门风云,5.7,https://pan.baidu.com/s/1Wp8KjODrqCie1J6VV70Xpw,fwsa
港囧,5.7,https://pan.baidu.com/s/1kaEOv_IrVpg3nlCH0qbAfQ,2333
反贪风暴3,5.7,https://pan.baidu.com/s/1_M1vXt50zfbQbgHBhcP-CQ,ne3y
来电狂响,5.8,https://pan.baidu.com/s/1w5Namy84i6pKbqM3AzEqqQ,ekc6
名侦探柯南：零的执行人,5.8,https://pan.baidu.com/s/1Jvfk6D7ZRAr2mu_jybe2Tw,2333
名侦探柯南：绀青之拳,5.9,https://pan.baidu.com/s/1oJAnAWpfOBOYb90meGWXPA,3jwx
囧妈,5.9,https://pan.baidu.com/s/14AAlt0Sa4y4iNmckYSZkHg,ub8r
少年班,5.9,https://pan.baidu.com/s/11T-AiYVO21C2P5GeKYf6wA,bmrx
两只老虎,6.0,https://pan.baidu.com/s/1nQojAtn7Rb84u8fW3cf3Fg,2333
勇敢者游戏2：再战巅峰,6.0,https://pan.baidu.com/s/1k72LkS53KxmllynkP-DSbg,na5q
宠爱,6.0,https://pan.baidu.com/s/1Izzo7ZDFzT2xqgHph6IzDw,21qp
情圣,6.0,https://pan.baidu.com/s/1aaTTRwJtQgGHsBIwWvWLIQ,2333
惊涛迷局,6.0,https://pan.baidu.com/s/18P8xEQiSjj_hBg5ymNKoSw,76pr
饥饿游戏3：嘲笑鸟(上),6.1,https://pan.baidu.com/s/1Ne4oK5wxU1VhSAvvr8IuYw&shfl=sha,2333
狄仁杰之四大天王,6.1,https://pan.baidu.com/s/12LN_uxVCoUwx9J70yySoew,48kn
摩天营救,6.3,https://pan.baidu.com/s/1YW8cB0dZHjkwjyXL49NPjA,2kbq
使徒行者2：谍影行动,6.3,https://pan.baidu.com/s/1ycvZjcmBtxjoK7jut9AJ9A,5s64
银河补习班,6.3,https://pan.baidu.com/s/1Ec9O1B66RnbpKKAMRBN6XA,2333
只有芸知道,6.4,https://pan.baidu.com/s/1t12tHZ85avkAodej5kO_Lw,9hpx
疯狂的外星人,6.4,https://pan.baidu.com/s/1JgjdrINmHqPUi_aBNxFeWA,3374
嫌疑人X的献身,6.4,https://pan.baidu.com/s/1fH2OuBDZH4KsUH-0GP1tuA,mcie
饥饿游戏3：嘲笑鸟(下),6.4,https://pan.baidu.com/s/1CsPKeSFEuSb56hI4g9kgAw&shfl=shar,2333
大侦探皮卡丘,6.5,https://www.yun.cn/s/3e32dbb7ef714e888c5e664dd04c9a74,无
自杀小队,6.5,https://pan.baidu.com/s/1z5hRZ9Vcc8ZULsr9XFQyAw,2333
金刚：骷髅岛,6.5,https://pan.baidu.com/s/1uyJXIfpism5ZC-pPLqTv2A,2333
正义联盟,6.5,https://pan.baidu.com/s/1kLe_ij0Z_axjXsFrc8tHSQ,m21r
一步之遥,6.5,https://pan.baidu.com/s/1f_XMCQb2EZ90JxQr-pBzeA,2333
叶问3,6.5,https://pan.baidu.com/s/1aFNAH8TDTGpMCEDwW20T-g,2333
黑豹,6.5,https://pan.baidu.com/s/132F5SfD7MNAXMQJwdvIa2g,2333
变形金刚4：绝迹重生,6.6,https://pan.baidu.com/s/1Z2vR73g3wxTFp_LBDNlC3A,2333
缝纫机乐队,6.6,https://pan.baidu.com/s/1Pb5LWg2ph6g8_R_cM5itsw,9cff
西虹市首富,6.6,https://pan.baidu.com/s/15UcsU-mPO_N4IQHGYAqVDg,2333
画皮,6.7,https://pan.baidu.com/s/1u7eaTW0l3fOXbpNWGSlFcw,4pb3
美人鱼,6.7,https://pan.baidu.com/s/1U_ZvjrA4SNnVtNJ5mRi_bg,2333
精灵旅社3：疯狂假期,6.7,https://pan.baidu.com/s/1Q0jvSMTN6xTtZtPGYG9sMw,2333
唐人街探案2,6.7,https://pan.baidu.com/s/1PZFEqIL--ivKXUbSlk0obQ,eflm
暮光之城2：新月,6.7,https://pan.baidu.com/s/1nCtoEgHSauCnAjIeC6GbsQ,2333
神话,6.7,https://pan.baidu.com/s/1h3L2uDMhv2xZQIvo7W9viQ,2333
侏罗纪世界2,6.7,https://pan.baidu.com/s/1bTK2CfwK0vfeczvUaF3O_A,j7zi
暮光之城4：破晓(上),6.7,https://pan.baidu.com/s/11ttwyZwmUsEEBQa2AHKg6A,2333
大赢家,6.8,https://pan.baidu.com/s/1xDHelJX4bFA5gSBbpftxTA,1diz
蝙蝠侠大战超人：正义黎明,6.8,https://pan.baidu.com/s/1x55h4H1KA3YiG2M2BQYe8g,t0kv
速度与激情3：东京漂移,6.8,https://pan.baidu.com/s/1m5p9oUCBHAjew_aRuRmxcg,qakf
惊天魔盗团2,6.8,https://pan.baidu.com/s/1DNSq6iHMlkECii8R5DoQ4A,2333
长江七号,6.8,https://pan.baidu.com/s/13TDczcRKNIJJ015NFnyPzQ,byoa	
羞羞的铁拳,6.9,https://pan.baidu.com/s/1yzS_n6JmUPzsF_rw8jfMKw,2333
猩球崛起3：终极之战,6.9,https://pan.baidu.com/s/1V3GuRXSwWDjikv8jvmgoTw,2333
饥饿游戏,6.9,https://pan.baidu.com/s/1sLc80bhDn6LiBoZ17eGbGA&shfl=sh,2333
我想吃掉你的胰脏,6.9,https://pan.baidu.com/s/1Qo71gJsw2cayiUEnEXr6Vg,02od
双子杀手,6.9,https://pan.baidu.com/s/1qfEbomZY-PrygIPFy7EzOA,kiua
东方快车谋杀案,6.9,https://pan.baidu.com/s/1P1lIGM4VYz6OME14bnkZow,2333
叶问4：完结篇,6.9,https://pan.baidu.com/s/1OyHy8x5AsIMciQX4bwtfUw,jtwx
飞驰人生,6.9,https://pan.baidu.com/s/1Ih7k88y8H9L0u5dQjzXmqA,9ja3
移动迷宫,6.9,https://pan.baidu.com/s/1gSj6x-KQLZJggO68GPeOZA,e357
惊奇队长,6.9,https://pan.baidu.com/s/1GJZVWU-ArWn6P_-HEKTAWg,tmw9
战狼,6.9,https://pan.baidu.com/s/1EdfMWqieO4rucNZp1AvuiA,lhps
妖猫传,6.9,https://pan.baidu.com/s/1a506lS5Rf9p5XiDMXCwPrg,fs4r
爱丽丝梦游仙境2：镜中奇遇记,6.9,https://pan.baidu.com/s/11Ho81OshiCDRoIUInFdxfg,2333
勇敢者游戏：决战丛林,6.9,https://pan.baidu.com/s/11-1uzwYQEuAQcKuTXuZp_g,lvd2
寒战2,7.0,https://pan.baidu.com/s/1iTvqGCpdDRm0nvDrjpFC7w,2333
美国队长,7.0,https://pan.baidu.com/s/1I0lRgJo2XYxooL7_ir4Pug,klso
大黄蜂,7.0,https://pan.baidu.com/s/1clq33gbkZmrlagaJU9bpYw,2333
无敌浩克,7.0,https://pan.baidu.com/s/1AbdXaD2cXcnzVvXzUQIaMw,5ask
邪不压正,7.0,https://pan.baidu.com/s/15epZVkl5HrBZm_DcuiTXAg,8888
爱宠大机密2,7.0,https://pan.baidu.com/s/1-iuIsCSuO_RXokecdrXSpg,tah1
送我上青云,7.1,https://pan.baidu.com/s/1zM8qvVct3scAgXUp0VpgsA,2333
野性的呼唤,7.1,https://pan.baidu.com/s/1ypggQRosXP4N5fnQIHLv1A,dck9
神奇女侠,7.1,https://pan.baidu.com/s/1Wa1DK4c6Arpb12AdRNl5Tg,jimb
灵魂摆渡·黄泉,7.1,https://pan.baidu.com/s/1vsvGsr1VU-Qz4WNPUoemwA,cdro
记忆大师,7.1,https://pan.baidu.com/s/1sTuWVuPzdZQRSj_q3dml1w,cuez
后会无期,7.1,https://pan.baidu.com/s/1OLOYNoKyFSDUMdmxYlP_4w,46us
杀破狼·贪狼,7.1,https://pan.baidu.com/s/1M4swljOqugSuXSKA4UoisA,2333
爆炸新闻,7.1,https://pan.baidu.com/s/1l2sku-65IxWlLTXO9hDgAg,1sr0
超人：钢铁之躯,7.1,https://pan.baidu.com/s/1jl7Y_Oj3OEvjSIHbQKk-yw,sag3
惊天营救,7.1,https://pan.baidu.com/s/1j7Lclg2WXt-kLoTaXqTqYg,qsqh
神奇动物：格林德沃之罪,7.1,https://pan.baidu.com/s/1HeqmMfAXXmQ7hOXI6AKf3g,ois6
雷神,7.1,https://pan.baidu.com/s/1gkuwEWhRLSVLP8STTNx1uA,2333
战狼2,7.1,https://pan.baidu.com/s/1EmmuD0xtN4YaR-4Gz784aA,8wxs
杀不了的他与死不了的她,7.1,https://pan.baidu.com/s/1dJwd5jXssWJOIJ1qkss0lA,r2nl
天气之子,7.1,https://pan.baidu.com/s/1DJhNulfzXKHU4HR8yeyHWA,571s
西游降魔篇,7.1,https://pan.baidu.com/s/1D2rFSVa3-GWHG5WvJa8ssg,ld7z
英伦对决,7.1,https://pan.baidu.com/s/1CVpRptlAxgR6g5_qfcC3Vg,s4v4
沉睡魔咒,7.2,https://pan.baidu.com/s/1y73AJhst5q3kC1AZaDvO0g,2333
风中有朵雨做的云,7.2,https://pan.baidu.com/s/1xMjqmui7eg7mqaqbGX_9RA,8gni
黑暗正义联盟：天启星战争,7.2,https://pan.baidu.com/s/1vUpiceo5bwWx7boOPZOqQg,yebt
变形金刚3,7.2,https://pan.baidu.com/s/1krLPL2sn_Wjq791iD6mpjg,e624
毒液：致命守护者,7.2,https://pan.baidu.com/s/1KD7qkAstPXm7yg4kTmDCqA,jtgb
绣春刀II：修罗战场,7.2,https://pan.baidu.com/s/1j8_xamgSO3yu3YqrGLtx3Q,rwz8
春潮,7.2,https://pan.baidu.com/s/1hBg5rSbvw5C-kedtKluyhQ,jb5a
心花路放,7.2,https://pan.baidu.com/s/1dPiixnzS0isew49mETPuKQ,wtit
非诚勿扰,7.2,https://pan.baidu.com/s/1bdvdUqp_sHcmWNA7lXd03A,a7e8
假偶天成,7.2,https://pan.baidu.com/s/12RkxnkwJxCmAI3PUZn1b5w,lc4f
人在囧途,7.7,https://pan.baidu.com/s/1L231ILg4QRhkflJ8zhbJ9g,2333
航海王：狂热行动,7.7,https://pan.baidu.com/s/1hvSzNPcJKcFjnpH0sdGtZQ,zawh
蜘蛛侠：英雄远征,7.7,https://pan.baidu.com/s/1GQyJqOlUlDcgHqcs5DiXyQ,pya6
史密斯夫妇,7.7,https://pan.baidu.com/s/1FHbGc49idMzNARllWSyRvA,pesj
赌圣,7.7,https://pan.baidu.com/s/1Ffe4Ejmu66Gv3XRpAxXbHg,2333
门徒,7.7,https://pan.baidu.com/s/1e7SmUS1F-iltmwlXlCMs9Q,2333
蚁人,7.7,https://pan.baidu.com/s/18Ma8Uvfcs9AC_CzxcRr1DQ,k2sf
X战警：天启,7.7,https://pan.baidu.com/s/15nG-EoVpRj7uxxUorW-vtw,7yfx
叶问,7.7,https://pan.baidu.com/s/13RlBiArP8cZo4cb9lNg-0g,99l5
变形金刚2,7.7,https://pan.baidu.com/s/11k0RSwK9Uq0wfDmJAcnDqg,9u2s
误杀,7.7,https://pan.baidu.com/s/1_vyZ6j1RpLy_z2e7FatrUg,rzbv
老炮儿,7.7,https://pan.baidu.com/s/1_Uge-COn49wsY21SJIHArg,2333
X战警2,7.7,https://pan.baidu.com/s/1_-ed0hQHq7Kdeol6BRZnug,9fml
与神同行：罪与罚,7.8,https://pan.baidu.com/s/1yocEz3MPm1iqtAO9upXJzg,gdf9
奇幻森林,7.8,https://pan.baidu.com/s/1uEfhhNF2qaGteW72QbkbPg,k0qw
死侍,7.8,https://pan.baidu.com/s/1TclGZ7Edfvyn7h8gIGi0Iw,sirt
蜘蛛侠,7.8,https://pan.baidu.com/s/1RCHr779hSFuddOVT2HNtVA,otqn
隧道,7.8,https://pan.baidu.com/s/1Qp7zIfIxihdE3Nh8CKHbIg,2333
速度与激情4,7.8,https://pan.baidu.com/s/1Nude-eaHr0ylGcpUI6v8kg,o338
碟中谍5：神秘国度,7.8,https://pan.baidu.com/s/1MXco2uq4YsFcUuNGdxeE_w,0kbv
追凶者也,7.8,https://pan.baidu.com/s/1HBIpMCcdoARNGsTqj6G7-Q,2333
我的少女时代,7.8,https://pan.baidu.com/s/1GQBWDdxWI5P8Q7BMFfbBUQ,2333
一九四二,7.8,https://pan.baidu.com/s/1dQOxeYy_OZIXGw0vgldktw,048m
钢铁侠3,7.8,https://pan.baidu.com/s/1CWCz05xKYZjNdvpD6Ls6JA,0c2e
饥饿站台,7.8,https://pan.baidu.com/s/1bm5Ew9RDF43Ujs07Qywo6w,pqrn
他其实没那么喜欢你,7.8,https://pan.baidu.com/s/14VxYRDKK7JvZTznid1c04w,bg4t
神奇动物在哪里,7.8,https://pan.baidu.com/s/12wAinOHf20nY3mqidQSj1g,fmeo
旺角卡门,7.8,https://pan.baidu.com/s/12dLuEDBCajItURz9lQ362A,we97
赌神2,7.8,https://pan.baidu.com/s/1-RahJYu9RTZwSzM6CG1Pvg,2333
华尔街之狼,7.9,https://pan.baidu.com/s/1XhShcMIai0Q-Ygxe-pF7tQ,8888
李米的猜想,7.9,https://pan.baidu.com/s/1wTXxp7IwpJjnWDSJCXwBsQ,2333
迷雾,7.9,https://pan.baidu.com/s/1uOEVc3Q-p6Xed5lyD6VBUg,t7yu
平原上的夏洛克,7.9,https://pan.baidu.com/s/1TRQJrdrEWAL3hFb0b6SS2g,2333
白蛇：缘起,7.9,https://pan.baidu.com/s/1S487fuPEoyfUJmInL1_s9Q,2333
遇见你之前,7.9,https://pan.baidu.com/s/1rmw1oDh2isheNUYTDTxX-w,s1k9
Hello！树先生,7.9,https://pan.baidu.com/s/1RdV0LzJ4kM0LJ4I9b6tVDA,2333
赛车总动员,7.9,https://pan.baidu.com/s/1pTKQxU6-_RYEcjcmsg2xyg,9a7r
精灵旅社,7.9,https://pan.baidu.com/s/1oRwPBkFhD9y4rAaUQv4gaw,2333
一天,7.9,https://pan.baidu.com/s/1O7dxxHXNdKgLneC9dP9PGQ,2333
隐秘而伟大,7.9,https://pan.baidu.com/s/1nB1r-4E_hvjHT_5H7siegw,2333
流浪地球,7.9,https://pan.baidu.com/s/1NaWBozLuDh1bBtW_yZHA0A,5jiq
少林足球,7.9,https://pan.baidu.com/s/1mRD0_cm5JD4dtBx8pxYMsg,qxd1
金刚,7.9,https://pan.baidu.com/s/1Lons9ok5U4f7IBxWBZ66yQ,om8g
地心引力,7.9,https://pan.baidu.com/s/1lApzWFsFOUy1urBnoKnCuA,88jg
伯德小姐,7.9,https://pan.baidu.com/s/1JwRaRjvZIRad0vIJlRWcgg,l4w0
我脑中的橡皮擦,7.9,https://pan.baidu.com/s/1JeXwxJpevCScWqFRhnhwYA,2333
荒野猎人,7.9,https://pan.baidu.com/s/1IwsYfE6G2YWreGPb9_OZhw,siqu
志明与春娇,7.9,https://pan.baidu.com/s/1gQA5Zk5CM5cjFev6bTe0VQ,2333
变相怪杰,7.9,https://pan.baidu.com/s/1glB5R04SNHzRZG97-DJoAw,uzsb
美国队长3,7.9,https://pan.baidu.com/s/1CUzSDMpY2fZuo30khBSWIQ,5vdq
起跑线,7.9,https://pan.baidu.com/s/1CCBRMf7qraIO-MnEYWCCsg,kqmz
山河故人,7.9,https://pan.baidu.com/s/1aMQjfZEH7yIqpj33QUjzQA,2333
解除好友2：暗网,7.9,https://pan.baidu.com/s/126e2B9brvNsD3EwkB4I7Yw,d9x9
鹿鼎记2：神龙教,7.9,https://pan.baidu.com/s/10XM41weieF--8lu9mRHQSw,2333
诺丁山,8.0,https://pan.baidu.com/s/1Y1f0Sn3DV4UeyOuLZIn_Eg,t1fd
银河护卫队2,8.0,https://pan.baidu.com/s/1tvP7xcwUe5BQoRbOOyBP8w,54a3
功夫熊猫2,8.0,https://pan.baidu.com/s/1tUyEmleHdbVkOnlGZTvfzw,2333
真心半解,8.0,https://pan.baidu.com/s/1Ng2NA20f8gdXJmq5mwO6xw,jfa3
杀死比尔2,8.0,https://pan.baidu.com/s/1mkQH5N4jitb30sDi18fxTQ,2333
回魂夜,8.0,https://pan.baidu.com/s/1Gk2NujdrYyqsPzN37NW6FQ,sb7d
两小无猜,8.0,https://pan.baidu.com/s/1DZUMcH4gCXdtQEcxkMZ-8A,lyxz
万能钥匙,8.0,https://pan.baidu.com/s/1d6vKHX4AnwuUJ6Mczscnew,ye4h
美国队长2,8.0,https://pan.baidu.com/s/1bjI1zR2ZDz6Xx33HpvD0zA,8hwm
金陵十三钗,8.1,https://pan.baidu.com/s/1YKAvgXd_5wmqxu4pyla3BA,2333
我是传奇,8.1,https://pan.baidu.com/s/1XA-Y58-o-v_qufepwMNf_A,m817
复仇者联盟3：无限战争,8.1,https://pan.baidu.com/s/1wn13xrZimBucUOx9hb7xsA,9xue
悲惨世界,8.1,https://pan.baidu.com/s/1W5qPMNy_gTT7napqzyGxBA,2333
起风了,8.1,https://pan.baidu.com/s/1vrSgld8FwEfMp_pxOyP87A,w171
无双,8.1,https://pan.baidu.com/s/1vp29mSEmu0Gwcj5OeNcnLg,xvjy
穿普拉达的女王,8.1,https://pan.baidu.com/s/1TaJggauPNsEHDRTK6Jhfdg,2333
无敌破坏王2：大闹互联网,8.1,https://pan.baidu.com/s/1S64YL9uh_jGFRRZWe91XIw,2333
功夫熊猫,8.1,https://pan.baidu.com/s/1qVgylYjFu9VZMb7TL0SpgQ,2333
超人总动员,8.1,https://pan.baidu.com/s/1oOAGg5tqoP4uLMluca8iPA,2333
那些年，我们一起追的女孩,8.1,https://pan.baidu.com/s/1MW34u0JLZEXH_4TbDff-tg,2333
冰川时代4,8.1,https://pan.baidu.com/s/1liAPgzOM0T4Zt8bnkPZWPQ,2333
为奴十二年,8.1,https://pan.baidu.com/s/1KU6BxicMgbkKMrzogB_5mA,s2uy
独立日,8.1,https://pan.baidu.com/s/1k4aFTfg4gkrfpDlS2rjaDg,2333
终结者,8.1,https://pan.baidu.com/s/1G6m6RV8kt8V2lEIYemffAQ,2333
冰川时代2：融冰之灾,8.1,https://pan.baidu.com/s/1G1-YQG3CMIBoixYgvE4yAw,2333
无名之辈,8.1,https://pan.baidu.com/s/1eFOmExPbmBMwEQm3rWWeGg,1mw3
鹿鼎记,8.1,https://pan.baidu.com/s/1E2CBLvNw2VOldVeEoZ62ng,2333
升级,8.1,https://pan.baidu.com/s/1CW3lqnBk0OA3O1m213oPBg,2333
明日边缘,8.1,https://pan.baidu.com/s/17G_bYPeiRhqPD5FsIxPvjQ,ka4e
黑衣人,8.1,https://pan.baidu.com/s/14qYKJvlVWXZHdE33hcrHIw,2333
疯狂的赛车,8.1,https://pan.baidu.com/s/11s-N6MwVA_fciwa4GwS9CA,h46r
银河护卫队,8.1,https://pan.baidu.com/s/11kyWO8OD6eUpOvaFqcmuxQ,2333
猩球崛起,8.1,https://pan.baidu.com/s/11AnEmyLOATimG_6omp8oTQ,npsm
后天,8.2,https://pan.baidu.com/s/1yIfjqZq7gtSyhO1zOqOESw,qyle
异形,8.2,https://pan.baidu.com/s/1v1HbH0ReZvYDbSFctdKmaw,2333
孤儿怨,8.2,https://pan.baidu.com/s/1sZqWxOpfDnZHlg3tpeYEAA,2333
利刃出鞘,8.2,https://pan.baidu.com/s/1SgULtw25eEyvTGOVk6HnCA,sw6f
狗十三,8.2,https://pan.baidu.com/s/1RtEEDVgyMdtqFrLDKFirpg,2333
绝杀慕尼黑,8.2,https://pan.baidu.com/s/1ROkJktE0HDZwjbJKEEaS7w,x4gz
复仇者联盟,8.2,https://pan.baidu.com/s/1QDNMiCBEJ4ZDoZVrHk-jew,qvh0
太阳照常升起,8.2,https://pan.baidu.com/s/1o_i5YyS8P27i6nllgzPTIQ,2333
加勒比海盗3：世界的尽头,8.2,https://pan.baidu.com/s/1Nkho_bPC85CumyHt_BSelw,qfsd
变形金刚,8.2,https://pan.baidu.com/s/1MtrtkyWKXc1pdKvqQlqJHw,4fyk
风声,8.2,https://pan.baidu.com/s/1LOPdNl92tVed8pVj-erX-A,ur3r
罗小黑战记,8.2,https://pan.baidu.com/s/1KuEgxXf3WUbGeg5um7V2CQ,uiat
情人,8.2,https://pan.baidu.com/s/1k3-lxMsvYUfzxlRNKJZOzg,8wrr
天才枪手,8.2,https://pan.baidu.com/s/1JV71FqNBKX74ULjx9eXq1g,52wh
X战警：逆转未来,8.2,https://pan.baidu.com/s/1j5sHO8efb-yS8dT7bWGkdA,rill
目击者之追凶,8.2,https://pan.baidu.com/s/1c_mmpfwom9vTfDaEf4AY3g,3aab
老无所依,8.2,https://pan.baidu.com/s/1A4QmcgeF4aG9osB-n0Pr6g,9999
天才瑞普利,8.2,https://pan.baidu.com/s/17NbOqJUZmAPS3SemJrNePA,2333
垫底辣妹,8.2,https://pan.baidu.com/s/1_nbbWe_aFE78BN5dvDUZGA,2333
爱你，西蒙,8.3,https://pan.baidu.com/s/1Ynno1NNYzoJGTz_098qf0A,2333
给我翅膀,8.7,https://pan.baidu.com/s/1ays7fRBTh7yp-jCOHhKEGw,7vwq
喜剧之王,8.7,https://pan.baidu.com/s/1asYQBjggwgxrkorVZdi8bg,2333
剪刀手爱德华,8.7,https://pan.baidu.com/s/1AhxEy0KjAAFZpXbTFea49w,2333
波西米亚狂想曲,8.7,https://pan.baidu.com/s/1aa122vBcaS77zYqvqfX2Zg,hmq4
终结者2：审判日,8.7,https://pan.baidu.com/s/18dztpYjKZiUkmQytWX3q7w,2333
告白,8.7,https://pan.baidu.com/s/10lrwkMCv3ubF4TxkMbqmWg,2333
头号玩家,8.7,https://pan.baidu.com/s/1_FXseP83YIKiwdTdbdOLOQ,ig6i
七宗罪,8.8,https://v.qq.com/x/cover/zg7bhyyc1ffeha0/w0024dc6n9f.html,无
蝴蝶效应,8.8,https://pan.baidu.com/s/1zfNG1fZ3fMR8bSAmA_rl0Q,2333
致命ID,8.8,https://pan.baidu.com/s/1yI715xtcwr-3FdlbD4I3CA,wwc8
甜蜜蜜,8.8,https://pan.baidu.com/s/1XpoRZv8LXnGwW4LDTVV5UQ,dbnp
菊次郎的夏天,8.8,https://pan.baidu.com/s/1XN1PdvcZ4klUq1zH4rJAEA,2333
断背山,8.8,https://pan.baidu.com/s/1W_pvpiow0d9QC6t9s3dm6Q,2333
燃情岁月,8.8,https://pan.baidu.com/s/1UWQKlArPTNN27AU9652lIQ,2333
沉默的羔羊,8.8,https://pan.baidu.com/s/1U5gBhMT2b6dGUDMtIEM8Vw,2333
入殓师,8.8,https://pan.baidu.com/s/1RI-5aEBkAkfP9jhYG4M_1g,2333
荒蛮故事,8.8,https://pan.baidu.com/s/1PPZQq1kcMK2K7IrnXf3eOQ,1mas
多哥,8.8,https://pan.baidu.com/s/1oFDunUU6UQq0P6bnn0AiEw,fzx7
低俗小说,8.8,https://pan.baidu.com/s/1NlVNEd2DQ4nPgO3-XHXI4g,2333
千钧一发,8.8,https://pan.baidu.com/s/1MnaM7fWtBn5pSGlHIY3slw,2333
借东西的小人阿莉埃蒂,8.8,https://pan.baidu.com/s/1ldaDecnLvEcIkmcs9eKlOQ,cit4
幸福终点站,8.8,https://pan.baidu.com/s/1L4_PxC9-I5lQl-clsWZ6ZA,jmbf
布达佩斯大饭店,8.8,https://pan.baidu.com/s/1JNmRqyXx4l11UR64Mtn-ZQ&shfl=sha,2333
恐怖直播,8.8,https://pan.baidu.com/s/1jIzBtB4?fid=809954654088328,无
禁闭岛,8.8,https://pan.baidu.com/s/1JGUAznHWuTd-YwQX9sCi4g,2333
海街日记,8.8,https://pan.baidu.com/s/1iG9K3rje8nErxivfzhODAw,2333
牯岭街少年杀人事件,8.8,https://pan.baidu.com/s/1GYi4MOpakfeLlMH1CBjiEQ,01tl
新世界,8.8,https://pan.baidu.com/s/1gMXcB2rM0UQTPGZJ7vjyAw,2333
阳光姐妹淘,8.8,https://pan.baidu.com/s/1fqCAI5IK7Lnm7lFA1TLY7g,2333
阳光灿烂的日子,8.8,https://pan.baidu.com/s/1feNGME8zfdZ9cDQckvmBEg,2333
步履不停,8.8,https://pan.baidu.com/s/1esRF6EXAXlyE0CYrhnD11Q,2333
让子弹飞,8.8,https://pan.baidu.com/s/1bluXgEC1H_zrSaYmu6KG_w,2333
聚焦,8.8,https://pan.baidu.com/s/17Vup5KdBBJZK-3,无
爱在黎明破晓前,8.8,https://pan.baidu.com/s/14zF9ueve0ISj04w7BSs37Q,b72p
爱在午夜降临前,8.8,https://pan.baidu.com/s/13UFVUy-WuaZUshc5RjA1vQ,q48p
看不见的客人,8.8,https://pan.baidu.com/s/12nmzY2CVYYM2m1u-cWTdbw,4f7r
纵横四海,8.8,https://pan.baidu.com/s/119tqIBr2gijQmsIz4yAnAQ,zd4g
虎口脱险,8.9,https://pan.baidu.com/s/1YsjxG9l4Y9Czobqb_y6OFA,ee6k
本杰明·巴顿奇事,8.9,https://pan.baidu.com/s/1yqLPvZq2losyNgzW6jneQQ,2333
被嫌弃的松子的一生,8.9,https://pan.baidu.com/s/1xYPMR6zWur76Hsnr5zgeKQ,5i8c
城南旧事,8.9,https://pan.baidu.com/s/1VS_l4jUjALsANKdVlQw9aw,3wto
V字仇杀队,8.9,https://pan.baidu.com/s/1Uejv__-GfnEleC38Tpgx6g,uanp
玛丽和马克思,8.9,https://pan.baidu.com/s/1pT2YPDaDqLbR8he-TLTmHg,2333
卢旺达饭店,8.9,https://pan.baidu.com/s/1pIbbWoc1Pn8GCwwTtBlMKQ,2333
绿皮书,8.9,https://pan.baidu.com/s/1P7GddRnQ7dy2kIAfXq3bvw,eahn
地球上的星星,8.9,https://pan.baidu.com/s/1oOFjGjXmCU6_iHmGibM2GA,5qkh
7号房的礼物,8.9,https://pan.baidu.com/s/1oh8gXtMm4bV1BcH2KmsCmw,2333
第六感,8.9,https://pan.baidu.com/s/1mtBSkL88RXdIref9XLThPw,2333
超脱,8.9,https://pan.baidu.com/s/1mqAqbXbriyvWi-ScBLN91w,2333
西西里的美丽传说,8.9,https://pan.baidu.com/s/1Kxj_9yRl2iTXfUNCHLDpQA,2333
上帝之城,8.9,https://pan.baidu.com/s/1K3PMKVUIP2RTXB7Sd1KnEQ,fx7e
萤火之森,8.9,https://pan.baidu.com/s/1i4gNTR1gyVfll4tt5kO5xg,5ke1
喜宴,8.9,https://pan.baidu.com/s/1FySdTPFjaxf229J1z6itdA,2333
请以你的名字呼唤我,8.9,https://pan.baidu.com/s/1ewSfpnu1pM_NzBs95n76zw,2333
情书,8.9,https://pan.baidu.com/s/1eTnTn68yOGQloRdO8W-N-Q,2333
致命魔术,8.9,https://pan.baidu.com/s/1DOaAfJBVmdPte39yYLTLZg,2333
教父3,8.9,https://pan.baidu.com/s/1CRF9kU-JUy4d4DJmdOQ2aw,9999
最好的我们,8.9,https://pan.baidu.com/s/178JtKFVWIslhyCeEy5Dumg,2333
我是山姆,8.9,https://pan.baidu.com/s/16fgWlnxI2cmV-MocfgFecA,2333
拯救大兵瑞恩,9.0,https://pan.baidu.com/s/1xwTgb25fHef50q-c6WKtjA,uhp3
红辣椒,9.0,https://pan.baidu.com/s/1Ww2P0SMMb7AFTXtQBoA-Cg,xpv4
黑客帝国,9.0,https://pan.baidu.com/s/1VZhW62d0a_ndXdrrVvfVjg,8888
我爱你,9.0,https://pan.baidu.com/s/1tkhP92qCA7tiMyPrIoep6Q,2333
狮子王,9.0,https://pan.baidu.com/s/1SCcuxOOSF7aEFANQZcVc5A,c4q7
搏击俱乐部,9.0,https://pan.baidu.com/s/1qWHPvOS?fid=823125988246782,无
指环王1：魔戒再现,9.0,https://pan.baidu.com/s/1MtFVoVCI4vL8n2RfwGdWTA,ne9z
我不是药神,9.0,https://pan.baidu.com/s/1jvYqTiXMPoSzj4QVxf2s9w,n8qa
摔跤吧！爸爸,9.0,https://pan.baidu.com/s/1FfUBqrwLURiKC2GmUXLKfQ,4naa
罗马假日,9.0,https://pan.baidu.com/s/1eSDGw6jy1gbemr1yagKwLg,2333
飞屋环游记,9.0,https://pan.baidu.com/s/1DHT6atqsKtu8hQmzltMvnA,2333
美丽心灵,9.0,https://pan.baidu.com/s/1bWOorRiPWcVy1mHuhfBBxA,su3k
猫鼠游戏,9.0,https://pan.baidu.com/s/1A4vdVtxh2_azW_WyWT66rw,2333
大话西游之月光宝盒,9.0,https://pan.baidu.com/s/147CnK64wOsiKQd1mSAOfyA,zxtx
名侦探柯南：贝克街的亡灵,9.0,https://pan.baidu.com/s/1_Y3hR7CtqmGey3OQexY1Lg,xr1s
窃听风暴,9.1,https://pan.baidu.com/s/1VwZyo6xhSbU5aT5O4gDJqg,2333
两杆大烟枪,9.1,https://pan.baidu.com/s/1TxZKpFwqKmg1gxGP-LB-ew,0mpn
隐秘的爱,9.1,https://pan.baidu.com/s/1T3PDcdAZiXsho1v2eqwPxw,cwx0
完美的世界,9.1,https://pan.baidu.com/s/1sa32dAwacWw7tY22XCHB6A,2333
怦然心动,9.1,https://pan.baidu.com/s/1nHs5z1YOBMNEXWej6XZk3g,6y19
狩猎,9.1,https://pan.baidu.com/s/1ME0Qn7BbhaLiBBO9Aj6u-Q,ypxh
穿条纹睡衣的男孩,9.1,https://pan.baidu.com/s/1KfNfeVUAWJw6ayl1JbUWYQ,2333
何以为家,9.1,https://pan.baidu.com/s/1iSxdv3B-0IwV8lDBZKRVVQ,zjr8
哪吒闹海,9.1,https://pan.baidu.com/s/1GAhf1IJ6BOXwauKO8s6mdg,2333
天空之城,9.1,https://pan.baidu.com/s/1enX-aPR4gZ0_zhXeBrBxwQ,2333
死亡诗社,9.1,https://pan.baidu.com/s/17bhVbfGXn23os6EeNT1jvA,2333
当幸福来敲门,9.1,https://pan.baidu.com/s/15KTsLFlf4vHr-OcqAY16mw,2333
闻香识女人,9.1,https://pan.baidu.com/s/12wiWVnF8Y-ryhp2odpzmtA,2333
飞越疯人院,9.1,https://pan.baidu.com/s/12nHkEvGZYXjyKiMVT1DNIw,2333
少年派的奇幻漂流,9.1,https://pan.baidu.com/s/10fHenvvLvlwA-sz0m3V4OA,hl5e
指环王2：双塔奇兵,9.1,https://pan.baidu.com/s/1-LyHnBTZvVmKKuP1VY3mJw,8sc0
寻梦环游记,9.1,https://pan.baidu.com/s/1_TXgembqn0JhHKweKypUhA,98ek
大话西游之大圣娶亲,9.2,https://pan.baidu.com/s/1ZTiVH02dNk6skoXb5E756Q,depb
触不可及,9.2,https://pan.baidu.com/s/1ZNb6pDDwGdUqISW2FKeSMg,2333
素媛,9.2,https://pan.baidu.com/s/1xaL28OjOxtXVtQlSEeZJPg,2333
忠犬八公物语,9.2,https://pan.baidu.com/s/1uNb8FvtzfjYO0248XJWGjA,2333
龙猫,9.2,https://pan.baidu.com/s/1tZRS88aKfqpJsYh36u3Zwg,2333
指环王3：王者无敌,9.2,https://pan.baidu.com/s/1tOq4Sd-2LxMyn5JpiHc0tQ,5t4u
活着,9.2,https://pan.baidu.com/s/1PJTv-1poasvO0n8HPs0mZQ,2333
天堂电影院,9.2,https://pan.baidu.com/s/1NY6Ab51MtQvbOkvZ6F-o0A,2333
美国往事,9.2,https://pan.baidu.com/s/1KnpoZv-nVVD4V87DIgoqzg,2333
七武士,9.2,https://pan.baidu.com/s/1kDOyFSCt9MBThqGcapVNcA,7u4i
鬼子来了,9.2,https://pan.baidu.com/s/1jPoFe_1DbBWBUxLl0Zoc-g,2333
无间道,9.2,https://pan.baidu.com/s/1iVFTIHk4AD7ELP1w71WvBQ,2333
蝙蝠侠：黑暗骑士,9.2,https://pan.baidu.com/s/1ig-vhBM_585CYFr2H2PV-Q,7rls
三傻大闹宝莱坞,9.2,https://pan.baidu.com/s/1ESCHJfDfVTABT2no0kwr0Q,2333
海蒂和爷爷,9.2,https://pan.baidu.com/s/1cHWYn1bTtpGkfb45PExJxg,0yif
教父2,9.2,https://pan.baidu.com/s/1a59WpIVNiVq1zwBbGmQHNQ,ecbc
疯狂动物城,9.2,https://pan.baidu.com/s/18agPuTa10xx_Tku8yzeTdw,2333
乱世佳人,9.3,https://pan.baidu.com/s/1u6j1n7hfqoTcH09q5QA4JQ,wf2a
熔炉,9.3,https://pan.baidu.com/s/1T4zl8uRkmxIIj9uLtzPLNw,2333
盗梦空间,9.3,https://pan.baidu.com/s/1FurbcZQ3g0DhMU-441_DUw,2333
机器人总动员,9.3,https://pan.baidu.com/s/1DYxrimkqE2fonBWrHLDn2Q,ergg
海上钢琴师,9.3,https://pan.baidu.com/s/1dUQV6V7phr9U1UJGeiV5EA,2333
星际穿越,9.3,https://pan.baidu.com/s/1dGKhoCkV_jx532XY50eTyw,2333
海豚湾,9.3,https://pan.baidu.com/s/1BGuCl2k_4dgsdb6TeHMjuw,olgs
楚门的世界,9.3,https://pan.baidu.com/s/19dmcmIlaPYTD85d-zqmT1A,2333
放牛班的春天,9.3,https://pan.baidu.com/s/14cYp-qO7h0fNtbrbYiqgjA,2333
教父,9.3,https://pan.baidu.com/s/1-yBp6fC2iDqiXlqnof-9pA,r0xh
这个杀手不太冷,9.4,https://pan.baidu.com/s/1pbMtI4AqvaPAKsS3c6mhDA,2333
泰坦尼克号,9.4,https://pan.baidu.com/s/1GfjgPYShkcGL7VDCdinp2w,ohpa
忠犬八公的故事,9.4,https://pan.baidu.com/s/1eqpx7bShTQzfUamyWnl7vA,ktgf
十二怒汉,9.4,https://pan.baidu.com/s/16htJXnwIRE1lO1Hga6SAmA,2333
辛德勒的名单,9.5,https://pan.baidu.com/s/1WdTSgfe_HhVz60zxqXWsxQ,37ip
美丽人生,9.5,https://pan.baidu.com/s/1jpZuoONo1KG4bE1h9fhsUg,tflr
阿甘正传,9.5,https://pan.baidu.com/s/1iZPtsyMjMQ7fQcs_U2xpYA,bb1u
武林外传,9.5,https://pan.baidu.com/s/1ha2BPbmDZkNmirnfl33G6Q,tkwb
霸王别姬,9.6,https://pan.baidu.com/s/18DYQBrCURZZFsm8iklrGzQ,2333
肖申克的救赎,9.7,https://pan.baidu.com/s/1R48dUUOJ6p9cgOlAH5KlGA,2333