标题,rate,链接,提取码
大侦探皮卡丘,6.5,https://www.yun.cn/s/3e32dbb7ef714e888c5e664dd04c9a74,无
大话西游之大圣娶亲,9.2,https://pan.baidu.com/s/1ZTiVH02dNk6skoXb5E756Q,depb
最佳出价,8.4,https://pan.baidu.com/s/1ZqEObwNJTN2AXjEv2ZiHuA,5a5q
唐山大地震,7.7,https://pan.baidu.com/s/1zQ-7hDWXdghNqsGqIY4Wyg,qw8q
触不可及,9.2,https://pan.baidu.com/s/1ZNb6pDDwGdUqISW2FKeSMg,2333
送我上青云,7.1,https://pan.baidu.com/s/1zM8qvVct3scAgXUp0VpgsA,2333
宝贝计划,7.4,https://pan.baidu.com/s/1zHKPDFcDaILAoy7p2STSNg,mmvn
蝴蝶效应,8.8,https://pan.baidu.com/s/1zfNG1fZ3fMR8bSAmA_rl0Q,2333
黑衣人3,7.6,https://pan.baidu.com/s/1zbjsz4y1tmD7s9B41LDyWQ,qitd
恋恋笔记本,8.5,https://pan.baidu.com/s/1z9bi26HLZ8HR3Lq91s7kdw,2333
沉默的证人,5.3,https://pan.baidu.com/s/1Z69LyixUXn1NorsZwwaiuQ,2333
自杀小队,6.5,https://pan.baidu.com/s/1z5hRZ9Vcc8ZULsr9XFQyAw,2333
疯狂的石头,8.5,https://pan.baidu.com/s/1Z2XiFQOL25BohIdvFGPpGA,2333
变形金刚4：绝迹重生,6.6,https://pan.baidu.com/s/1Z2vR73g3wxTFp_LBDNlC3A,2333
一条狗的使命,7.7,https://pan.baidu.com/s/1yzW3wqvhGdeVljlu1qqZcg,h15k
羞羞的铁拳,6.9,https://pan.baidu.com/s/1yzS_n6JmUPzsF_rw8jfMKw,2333
摩天营救,6.3,https://pan.baidu.com/s/1YW8cB0dZHjkwjyXL49NPjA,2kbq
虎口脱险,8.9,https://pan.baidu.com/s/1YsjxG9l4Y9Czobqb_y6OFA,ee6k
本杰明·巴顿奇事,8.9,https://pan.baidu.com/s/1yqLPvZq2losyNgzW6jneQQ,2333
九品芝麻官,8.5,https://pan.baidu.com/s/1YQLNn33qN8xuGUAUAQOWBg,rf4g
野性的呼唤,7.1,https://pan.baidu.com/s/1ypggQRosXP4N5fnQIHLv1A,dck9
与神同行：罪与罚,7.8,https://pan.baidu.com/s/1yocEz3MPm1iqtAO9upXJzg,gdf9
爱你，西蒙,8.3,https://pan.baidu.com/s/1Ynno1NNYzoJGTz_098qf0A,2333
金陵十三钗,8.1,https://pan.baidu.com/s/1YKAvgXd_5wmqxu4pyla3BA,2333
后天,8.2,https://pan.baidu.com/s/1yIfjqZq7gtSyhO1zOqOESw,qyle
致命ID,8.8,https://pan.baidu.com/s/1yI715xtcwr-3FdlbD4I3CA,wwc8
寄生虫,8.7,https://pan.baidu.com/s/1YHkaYfRaWlVcQZHd0h09zg,uk1k
碟中谍3,7.5,https://pan.baidu.com/s/1yGmwdSNAsdgmWO6qwfv-1g,2333
使徒行者2：谍影行动,6.3,https://pan.baidu.com/s/1ycvZjcmBtxjoK7jut9AJ9A,5s64
沉睡魔咒,7.2,https://pan.baidu.com/s/1y73AJhst5q3kC1AZaDvO0g,2333
诺丁山,8.0,https://pan.baidu.com/s/1Y1f0Sn3DV4UeyOuLZIn_Eg,t1fd
金刚狼3：殊死一战,8.3,https://pan.baidu.com/s/1y0VISp-SldYQV2WGn9UjLg,xs79
被嫌弃的松子的一生,8.9,https://pan.baidu.com/s/1xYPMR6zWur76Hsnr5zgeKQ,5i8c
拯救大兵瑞恩,9.0,https://pan.baidu.com/s/1xwTgb25fHef50q-c6WKtjA,uhp3
射雕英雄传之东成西就,8.7,https://pan.baidu.com/s/1xscakknVQAJWMaYSMCQVLQ,2333
甜蜜蜜,8.8,https://pan.baidu.com/s/1XpoRZv8LXnGwW4LDTVV5UQ,dbnp
阿黛尔的生活,8.4,https://pan.baidu.com/s/1XOnr2Jpww0SAk-7E8ns1AA,ncob
菊次郎的夏天,8.8,https://pan.baidu.com/s/1XN1PdvcZ4klUq1zH4rJAEA,2333
风中有朵雨做的云,7.2,https://pan.baidu.com/s/1xMjqmui7eg7mqaqbGX_9RA,8gni
华尔街之狼,7.9,https://pan.baidu.com/s/1XhShcMIai0Q-Ygxe-pF7tQ,8888
侏罗纪世界,7.7,https://pan.baidu.com/s/1xGFaqLPUkoTIaRDHKSLXpw,vesw
大赢家,6.8,https://pan.baidu.com/s/1xDHelJX4bFA5gSBbpftxTA,1diz
素媛,9.2,https://pan.baidu.com/s/1xaL28OjOxtXVtQlSEeZJPg,2333
我是传奇,8.1,https://pan.baidu.com/s/1XA-Y58-o-v_qufepwMNf_A,m817
蝙蝠侠大战超人：正义黎明,6.8,https://pan.baidu.com/s/1x55h4H1KA3YiG2M2BQYe8g,t0kv
红辣椒,9.0,https://pan.baidu.com/s/1Ww2P0SMMb7AFTXtQBoA-Cg,xpv4
蚁人2：黄蜂女现身,7.3,https://pan.baidu.com/s/1WuRT8bfNpYsXi4q6SRbAeQ,a3xy
李米的猜想,7.9,https://pan.baidu.com/s/1wTXxp7IwpJjnWDSJCXwBsQ,2333
西游记女儿国,4.4,https://pan.baidu.com/s/1WrcBG_pgMAod9vT1-xLZKw,to5w
澳门风云,5.7,https://pan.baidu.com/s/1Wp8KjODrqCie1J6VV70Xpw,fwsa
复仇者联盟3：无限战争,8.1,https://pan.baidu.com/s/1wn13xrZimBucUOx9hb7xsA,9xue
黑天鹅,8.6,https://pan.baidu.com/s/1WGqQ9Gw5m5DSUFa3ZT9NKQ,bz1d
好莱坞往事,7.3,https://pan.baidu.com/s/1WE0wEmrysZg5bXm4b9llSA,jyku
辛德勒的名单,9.5,https://pan.baidu.com/s/1WdTSgfe_HhVz60zxqXWsxQ,37ip
神奇女侠,7.1,https://pan.baidu.com/s/1Wa1DK4c6Arpb12AdRNl5Tg,jimb
悲惨世界,8.1,https://pan.baidu.com/s/1W5qPMNy_gTT7napqzyGxBA,2333
悲惨世界,8.6,https://pan.baidu.com/s/1W5qPMNy_gTT7napqzyGxBA,2333
来电狂响,5.8,https://pan.baidu.com/s/1w5Namy84i6pKbqM3AzEqqQ,ekc6
完美陌生人,8.5,https://pan.baidu.com/s/1w5IKXA9R0Wulv6TbeH0w6Q,fowd
断背山,8.8,https://pan.baidu.com/s/1W_pvpiow0d9QC6t9s3dm6Q,2333
黑客帝国,9.0,https://pan.baidu.com/s/1VZhW62d0a_ndXdrrVvfVjg,8888
雷神2：黑暗世界,7.4,https://pan.baidu.com/s/1VXWVEwf4nEoznoSD9dRgvw,2333
窃听风暴,9.1,https://pan.baidu.com/s/1VwZyo6xhSbU5aT5O4gDJqg,2333
黑暗正义联盟：天启星战争,7.2,https://pan.baidu.com/s/1vUpiceo5bwWx7boOPZOqQg,yebt
灵魂摆渡·黄泉,7.1,https://pan.baidu.com/s/1vsvGsr1VU-Qz4WNPUoemwA,cdro
城南旧事,8.9,https://pan.baidu.com/s/1VS_l4jUjALsANKdVlQw9aw,3wto
起风了,8.1,https://pan.baidu.com/s/1vrSgld8FwEfMp_pxOyP87A,w171
无双,8.1,https://pan.baidu.com/s/1vp29mSEmu0Gwcj5OeNcnLg,xvjy
头脑特工队,8.7,https://pan.baidu.com/s/1VocBEZXepDQT_8kZr4CwaQ,2333
海王,7.6,https://pan.baidu.com/s/1vOb3IH9cTPdVsmLUHOSHoQ,76uk
疯狂的麦克斯4：狂暴之路,8.6,https://pan.baidu.com/s/1VnXA4XeDVmQSpeS7boamwg,9999
少年的你,8.3,https://pan.baidu.com/s/1vfHu2zmg6b8VWtRGByAcSg,nu45
猩球崛起3：终极之战,6.9,https://pan.baidu.com/s/1V3GuRXSwWDjikv8jvmgoTw,2333
异形,8.2,https://pan.baidu.com/s/1v1HbH0ReZvYDbSFctdKmaw,2333
金刚：骷髅岛,6.5,https://pan.baidu.com/s/1uyJXIfpism5ZC-pPLqTv2A,2333
燃情岁月,8.8,https://pan.baidu.com/s/1UWQKlArPTNN27AU9652lIQ,2333
你的名字。,8.4,https://pan.baidu.com/s/1urHb83QG1CS5zmqZ8Z_Jjg,e31t
迷雾,7.9,https://pan.baidu.com/s/1uOEVc3Q-p6Xed5lyD6VBUg,t7yu
忠犬八公物语,9.2,https://pan.baidu.com/s/1uNb8FvtzfjYO0248XJWGjA,2333
釜山行,8.5,https://pan.baidu.com/s/1UMqbAqmJnkms23XGc3lUdQ,8888
哪吒之魔童降世,8.5,https://pan.baidu.com/s/1ULee8__Bkw8r7D-a4zIlrQ,2333
V字仇杀队,8.9,https://pan.baidu.com/s/1Uejv__-GfnEleC38Tpgx6g,uanp
奇幻森林,7.8,https://pan.baidu.com/s/1uEfhhNF2qaGteW72QbkbPg,k0qw
决战中途岛,7.7,https://pan.baidu.com/s/1uCW1eiv-RZCmNYJpJSxJkw,fuuu
小萝莉的猴神大叔,8.4,https://pan.baidu.com/s/1U9RSdlSK9_Ns2qF57a-P5g,w1nh
画皮,6.7,https://pan.baidu.com/s/1u7eaTW0l3fOXbpNWGSlFcw,4pb3
乱世佳人,9.3,https://pan.baidu.com/s/1u6j1n7hfqoTcH09q5QA4JQ,wf2a
沉默的羔羊,8.8,https://pan.baidu.com/s/1U5gBhMT2b6dGUDMtIEM8Vw,2333
美国丽人,8.5,https://pan.baidu.com/s/1U1PaAa0dEiO_ADR-mtvAlg,2333
美人鱼,6.7,https://pan.baidu.com/s/1U_ZvjrA4SNnVtNJ5mRi_bg,2333
龙猫,9.2,https://pan.baidu.com/s/1tZRS88aKfqpJsYh36u3Zwg,2333
穆赫兰道,8.4,https://pan.baidu.com/s/1TzfagnvkfRRSNxhE392LxQ,2333
两杆大烟枪,9.1,https://pan.baidu.com/s/1TxZKpFwqKmg1gxGP-LB-ew,0mpn
魔女,7.6,https://pan.baidu.com/s/1TwDNAw-N4HWmOkbCggbP-g,vxmc
三块广告牌,8.7,https://pan.baidu.com/s/1tVw8aAH3QiGrMRyqLYWvMw,2333
银河护卫队2,8.0,https://pan.baidu.com/s/1tvP7xcwUe5BQoRbOOyBP8w,54a3
功夫熊猫2,8.0,https://pan.baidu.com/s/1tUyEmleHdbVkOnlGZTvfzw,2333
平原上的夏洛克,7.9,https://pan.baidu.com/s/1TRQJrdrEWAL3hFb0b6SS2g,2333
指环王3：王者无敌,9.2,https://pan.baidu.com/s/1tOq4Sd-2LxMyn5JpiHc0tQ,5t4u
寻龙诀,7.4,https://pan.baidu.com/s/1Tmd10rNyL6DwOn-t7cJUJQ,2333
我爱你,9.0,https://pan.baidu.com/s/1tkhP92qCA7tiMyPrIoep6Q,2333
死侍,7.8,https://pan.baidu.com/s/1TclGZ7Edfvyn7h8gIGi0Iw,sirt
穿普拉达的女王,8.1,https://pan.baidu.com/s/1TaJggauPNsEHDRTK6Jhfdg,2333
熔炉,9.3,https://pan.baidu.com/s/1T4zl8uRkmxIIj9uLtzPLNw,2333
隐秘的爱,9.1,https://pan.baidu.com/s/1T3PDcdAZiXsho1v2eqwPxw,cwx0
后窗,8.6,https://pan.baidu.com/s/1t1A9mTGgayyl5jqMZDw23A,2333
只有芸知道,6.4,https://pan.baidu.com/s/1t12tHZ85avkAodej5kO_Lw,9hpx
孤儿怨,8.2,https://pan.baidu.com/s/1sZqWxOpfDnZHlg3tpeYEAA,2333
记忆大师,7.1,https://pan.baidu.com/s/1sTuWVuPzdZQRSj_q3dml1w,cuez
功夫,8.6,https://pan.baidu.com/s/1sliGNnB?fid=814486859425240,无
饥饿游戏,6.9,https://pan.baidu.com/s/1sLc80bhDn6LiBoZ17eGbGA&shfl=sh,2333
岁月神偷,8.7,https://pan.baidu.com/s/1sKsDhz69XRloZmGsHi_gYw,nefw
李茶的姑妈,4.7,https://pan.baidu.com/s/1SjInm1gAx7kGEJLWytLGNg,ygx2
利刃出鞘,8.2,https://pan.baidu.com/s/1SgULtw25eEyvTGOVk6HnCA,sw6f